,nearest_dist_head2head,nearest_dist_head2bottom,nearest_dist_head2body,nearest_dist_bottom2head
data/img0000.png,648.9011343016749,125.24192411489044,138.93966908338328,574.1887928625918
data/img0250.png,inf,inf,inf,inf
data/img0251.png,inf,inf,inf,inf
data/img0252.png,inf,inf,inf,inf
data/img0253.png,inf,inf,inf,inf
data/img0254.png,inf,inf,inf,inf
data/img0255.png,inf,inf,inf,inf
data/img0256.png,inf,inf,inf,inf
data/img0257.png,inf,inf,inf,inf
data/img0258.png,inf,inf,inf,inf
data/img0259.png,inf,inf,inf,inf
data/img0260.png,inf,inf,inf,inf
data/img0261.png,inf,inf,inf,inf
data/img0262.png,inf,inf,inf,inf
data/img0263.png,inf,inf,inf,inf
data/img0264.png,inf,inf,inf,inf
data/img0265.png,inf,inf,inf,inf
data/img0266.png,inf,inf,inf,inf
data/img0267.png,inf,413.9011265725184,188.53951616570993,inf
data/img0268.png,inf,inf,inf,inf
data/img0269.png,inf,inf,inf,inf
data/img0270.png,inf,inf,inf,inf
data/img0271.png,inf,inf,inf,404.6532791637803
data/img0272.png,inf,inf,inf,400.90981329969975
data/img0273.png,inf,inf,inf,402.5351421404098
data/img0274.png,inf,inf,inf,420.0269316234374
data/img0276.png,inf,inf,inf,416.40014054872773
data/img0277.png,inf,inf,inf,430.7251602797309
data/img0278.png,inf,inf,inf,460.67040878376343
data/img0279.png,inf,inf,inf,416.7458965952753
data/img0280.png,inf,inf,inf,364.8771863764576
data/img0281.png,inf,inf,inf,359.9431597599819
data/img0282.png,inf,inf,inf,384.7253673063424
data/img0283.png,inf,inf,inf,428.34167578931664
data/img0284.png,inf,inf,inf,429.6721159419126
data/img0285.png,inf,inf,inf,329.1979156951027
data/img0286.png,inf,inf,inf,245.11084955382918
data/img0287.png,inf,inf,inf,259.4316087314727
data/img0288.png,inf,inf,inf,272.7264263121562
data/img0289.png,inf,inf,inf,702.1644277204592
data/img0290.png,inf,inf,inf,654.6586776160535
data/img0291.png,inf,inf,inf,600.5916525860146
data/img0292.png,inf,inf,inf,551.278341473706
data/img0293.png,inf,inf,inf,420.1969320318747
data/img0294.png,inf,inf,inf,358.4872507886439
data/img0295.png,inf,inf,inf,79.67303941108288
data/img0296.png,inf,inf,inf,68.95931734725981
data/img0297.png,inf,inf,inf,45.06953048346612
data/img0298.png,inf,inf,inf,38.38916328861455
data/img0299.png,inf,inf,inf,31.714706021023794
data/img0300.png,inf,inf,inf,34.26182274777544
data/img0301.png,inf,inf,inf,36.83460016071908
data/img0302.png,inf,inf,inf,70.11033032299852
data/img0303.png,inf,inf,inf,81.49407940457995
data/img0304.png,inf,inf,inf,83.28712276216538
data/img0305.png,inf,inf,inf,80.82266172924534
data/img0306.png,inf,inf,inf,78.04694291258276
data/img0307.png,inf,inf,inf,80.59784524414953
data/img0308.png,inf,inf,inf,81.4944642169023
data/img0309.png,inf,inf,inf,82.66514149265068
data/img0310.png,inf,inf,inf,83.45989323022202
data/img0312.png,277.13503064210397,914.5039163273168,744.7313440133966,78.14257692832975
data/img0313.png,268.81523766334385,929.302093018734,743.4180601041381,78.91196467583283
data/img0314.png,243.979036986787,892.957494670939,687.266251883504,83.03798755991139
data/img0315.png,262.39096664710087,926.3491216123649,719.2236968044086,89.38868971519832
data/img0316.png,297.2939355065959,953.337911784169,749.5671284147937,86.04115025962896
data/img0317.png,inf,inf,inf,inf
data/img0318.png,inf,inf,inf,50.911593267152746
data/img0319.png,inf,inf,inf,49.65237092022898
data/img0320.png,inf,inf,inf,322.56073302403064
data/img0321.png,inf,inf,inf,319.6798854416711
data/img0322.png,inf,inf,inf,319.0425676927767
data/img0323.png,inf,inf,inf,328.3453463793876
data/img0324.png,inf,inf,inf,353.6080197690657
data/img0325.png,inf,inf,inf,55.94481217235425
data/img0326.png,330.24801820601436,955.7386383781917,780.6962330868519,48.740947877529536
data/img0327.png,334.8392300925923,977.6446780119041,783.2678834504834,94.62603372222677
data/img0328.png,inf,inf,inf,141.82217347438993
data/img0329.png,inf,inf,inf,77.96713153630861
data/img0330.png,inf,inf,inf,42.83779183151287
data/img0331.png,inf,inf,inf,inf
data/img0332.png,inf,inf,inf,inf
data/img0333.png,inf,inf,inf,inf
data/img0334.png,inf,inf,inf,inf
data/img0335.png,inf,inf,inf,inf
data/img0336.png,inf,inf,inf,inf
data/img0337.png,inf,inf,inf,inf
data/img0338.png,inf,inf,inf,inf
data/img0339.png,inf,inf,inf,inf
data/img0340.png,inf,inf,inf,inf
data/img0341.png,inf,inf,inf,inf
data/img0342.png,inf,inf,inf,inf
data/img0343.png,inf,inf,inf,inf
data/img0344.png,inf,inf,inf,inf
data/img0345.png,inf,inf,inf,inf
data/img0346.png,inf,inf,inf,inf
data/img0347.png,inf,inf,inf,inf
data/img0348.png,inf,inf,inf,inf
data/img0349.png,inf,inf,inf,inf
data/img0350.png,inf,inf,inf,inf
data/img0351.png,inf,inf,inf,151.30459827116962
data/img0352.png,inf,inf,inf,inf
data/img0353.png,inf,inf,inf,inf
data/img0354.png,inf,inf,inf,inf
data/img0355.png,inf,inf,inf,inf
data/img0356.png,inf,inf,inf,inf
data/img0357.png,inf,inf,inf,inf
data/img0358.png,inf,inf,inf,213.54653846176012
data/img0359.png,inf,inf,inf,238.52235219786004
data/img0360.png,inf,inf,inf,241.5464441013363
data/img0361.png,inf,inf,inf,242.47585318542562
data/img0362.png,inf,inf,inf,238.99186902068442
data/img0363.png,inf,inf,inf,239.95715202718998
data/img0364.png,inf,inf,inf,239.95715202718998
data/img0365.png,inf,inf,inf,239.95715202718998
data/img0366.png,inf,inf,inf,240.31358949922077
data/img0367.png,inf,inf,inf,239.11978558454754
data/img0368.png,inf,inf,inf,239.11978558454754
data/img0369.png,inf,inf,inf,237.14119053635528
data/img0370.png,151.65778271490055,749.3329262163782,471.7511208253776,248.44540876820403
data/img0371.png,144.99440847494765,704.7833454963305,427.3726201396153,273.86860369345004
data/img0372.png,156.75725721318307,697.9886644101034,422.8197047868039,296.29735526663086
data/img0373.png,165.26164811594984,723.1731214280575,452.3333284205355,305.78960796272975
data/img0374.png,inf,inf,inf,305.78960796272975
data/img0375.png,inf,inf,inf,301.1929771060408
data/img0376.png,inf,inf,inf,299.15254050233295
data/img0377.png,inf,inf,inf,299.15254050233295
data/img0378.png,inf,inf,inf,299.15254050233295
data/img0379.png,inf,inf,inf,299.15254050233295
data/img0380.png,inf,inf,inf,299.15254050233295
data/img0381.png,inf,inf,inf,293.038186059428
data/img0382.png,inf,inf,inf,524.5427609728305
data/img0383.png,inf,inf,inf,524.5427609728305
data/img0384.png,388.39193423396426,745.8956576418715,487.8097441513442,524.6891537748804
data/img0385.png,293.28810560436983,759.4265284337913,519.2219187293617,596.2406549188004
data/img0386.png,250.31323985159077,767.6685469947299,535.7075772807399,641.3067703439594
data/img0387.png,208.4809823461123,761.4453624522248,540.3669813089989,622.4168693801607
data/img0388.png,180.8533642982624,723.6853184762007,508.17854115359887,615.2491483041646
data/img0389.png,149.0706505151165,698.8098886285168,498.05810816811316,325.55448898456297
data/img0390.png,135.69141461418997,689.8235811828993,489.77959959353154,339.38205282247924
data/img0391.png,132.96707990326033,675.2467224489135,462.0089536415934,353.68046304256046
data/img0392.png,124.63578940256286,684.2771794470425,470.9455913850347,365.2907083652689
data/img0393.png,124.05046428369384,721.8736411436562,513.4914348740394,377.4552822494341
data/img0394.png,140.69086679667583,751.1782043936046,540.2441515546466,613.2823167188176
data/img0395.png,125.97938738142835,690.5478404860883,479.3602403203671,610.2610588920122
data/img0396.png,134.09941519633858,643.4561159519739,438.5836983347649,608.3934773557323
data/img0397.png,114.88328067216747,626.0642778501261,427.7307564344655,268.0294954254102
data/img0398.png,236.39490725901857,581.5280823640419,405.678367402059,250.18353298728528
data/img0399.png,inf,501.47653912122365,353.9427843282018,inf
data/img0400.png,inf,507.6091844017402,348.22774744267576,inf
data/img0401.png,inf,528.1112057976047,355.0845730878771,inf
data/img0402.png,inf,504.2184027670945,340.05475689806195,inf
data/img0403.png,inf,509.8737949296864,327.9653667355748,inf
data/img0404.png,inf,490.26085754932546,303.5379872256519,inf
data/img0405.png,inf,458.17124406601505,266.16587476421535,inf
data/img0406.png,inf,453.98477820847705,234.04278089486112,inf
data/img0407.png,inf,430.5159695063586,212.50914793485947,inf
data/img0408.png,inf,379.7964245342495,214.3074427079002,inf
data/img0409.png,inf,379.74708121195624,239.72918053503602,inf
data/img0410.png,inf,411.2211313210933,264.6308365345958,inf
data/img0411.png,inf,408.64401285838005,269.38030085550076,inf
data/img0412.png,inf,363.86494100009133,254.67384352932683,inf
data/img0413.png,inf,374.95300659682675,213.3051543891987,inf
data/img0414.png,inf,368.47398074898047,189.577619871123,inf
data/img0415.png,inf,inf,inf,inf
data/img0416.png,inf,inf,inf,inf
data/img0417.png,inf,inf,inf,inf
data/img0418.png,inf,inf,inf,inf
data/img0419.png,inf,inf,inf,inf
data/img0420.png,inf,inf,inf,inf
data/img0421.png,inf,inf,inf,137.0236368259141
data/img0422.png,inf,inf,inf,207.05969440960743
data/img0423.png,inf,inf,inf,239.68367272094284
data/img0424.png,inf,inf,inf,112.4273782403557
data/img0425.png,inf,inf,inf,165.51672667437575
data/img0426.png,inf,inf,inf,301.69353763214747
data/img0427.png,inf,inf,inf,311.9007625655955
data/img0428.png,inf,inf,inf,405.3292617342104
data/img0429.png,inf,inf,inf,152.98073662392912
data/img0430.png,inf,inf,inf,348.3959691055568
data/img0431.png,inf,inf,inf,497.70444848825707
data/img0432.png,inf,inf,inf,571.3864986548074
data/img0433.png,inf,inf,inf,608.0056467574952
data/img0434.png,inf,inf,inf,627.1071271943894
data/img0436.png,inf,inf,inf,685.6573957568021
data/img0437.png,inf,inf,inf,694.4355172692425
data/img0438.png,inf,inf,inf,690.9000947879512
data/img0439.png,inf,inf,inf,695.0203708611713
data/img0440.png,inf,inf,inf,703.6039028380956
data/img0441.png,inf,inf,inf,719.414197741468
data/img0442.png,inf,inf,inf,726.8131168636132
data/img0443.png,inf,inf,inf,721.8864176586231
data/img0444.png,inf,inf,inf,720.1447771726183
data/img0445.png,inf,inf,inf,723.3230432448562
data/img0446.png,inf,inf,inf,749.0539657167567
data/img0447.png,inf,inf,inf,763.5977998920638
data/img0448.png,inf,inf,inf,778.7662859793046
data/img0449.png,inf,inf,inf,787.0058755676478
data/img0450.png,inf,inf,inf,789.7252608065668
data/img0451.png,inf,inf,inf,789.2903141430279
data/img0452.png,inf,inf,inf,789.7367572666225
data/img0453.png,inf,inf,inf,787.6383485953435
data/img0454.png,inf,inf,inf,787.6383485953435
data/img0455.png,inf,inf,inf,787.3169863390477
data/img0456.png,inf,inf,inf,787.3169863390477
data/img0457.png,inf,inf,inf,784.3894860195414
data/img0458.png,inf,inf,inf,784.3894860195414
data/img0459.png,inf,inf,inf,786.8292272717123
data/img0460.png,inf,inf,inf,787.0754946712543
data/img0461.png,inf,inf,inf,787.1032991647284
data/img0462.png,inf,inf,inf,791.3010236597702
data/img0463.png,inf,inf,inf,789.3484667471015
data/img0464.png,inf,inf,inf,789.3484667471015
data/img0465.png,inf,inf,inf,788.9190341784131
data/img0466.png,inf,inf,inf,790.2105487077479
data/img0467.png,inf,inf,inf,793.1889525762444
data/img0468.png,inf,inf,inf,797.2738412590743
data/img0469.png,inf,inf,inf,inf
data/img0470.png,inf,inf,inf,inf
data/img0471.png,inf,inf,inf,inf
data/img0472.png,inf,inf,inf,1146.3370527807253
data/img0473.png,inf,inf,inf,1148.6786102378678
data/img0474.png,inf,inf,inf,1107.8123153354993
data/img0475.png,inf,inf,inf,1087.3293382637112
data/img0476.png,inf,inf,inf,1070.5546336404323
data/img0478.png,1081.7138205727058,454.4312939147125,507.5794854453828,1082.9157183497707
data/img0479.png,1066.8891570627195,407.7018945810771,459.98445809505296,1090.855403914286
data/img0480.png,1035.744809891896,394.1214423106154,444.972635164231,1064.3896570377785
data/img0481.png,932.3113865704955,378.42443707826203,416.747724382509,995.3655440736331
data/img0482.png,849.8768828589232,359.18178622530434,447.8153043889858,959.9531351524407
data/img0483.png,774.0352056308551,312.5175968741597,477.08815416545383,791.4424611081972
data/img0484.png,696.2258624584409,259.06169149451637,493.3555238253643,inf
data/img0485.png,671.6020747771703,226.6081853971735,483.3739142506553,inf
data/img0486.png,669.5777755511303,219.66687668376412,474.4242380918158,inf
data/img0487.png,670.2629931601477,223.23910131515973,478.36182419273376,inf
data/img0488.png,670.9089780953899,222.4454549884091,476.6847549020212,inf
data/img0489.png,674.9838516586898,225.3800456517837,475.5140776517559,inf
data/img0490.png,614.9938805695549,228.98579092380405,478.6754628722889,inf
data/img0491.png,619.169277216659,228.07983007929474,481.8727077652353,inf
data/img0492.png,677.9223543872853,225.64253342178182,479.85572516955557,inf
data/img0493.png,658.9121774022695,237.14075332806053,491.2527658955214,inf
data/img0494.png,638.6694142739261,267.2830463104608,513.4253531381167,inf
data/img0495.png,650.4871084487378,357.64588917671057,483.1268495043514,inf
data/img0496.png,461.0730308411023,497.6027745551664,481.40879519281793,inf
data/img0497.png,421.94631157174496,507.8450395327297,515.6893600696063,inf
data/img0498.png,626.2348404376748,513.4597427043334,385.4514236580273,inf
data/img0499.png,535.842709093816,512.1387360647503,374.7874823003032,inf
data/img0500.png,537.660655143186,490.93072025388693,359.05964914621086,inf
data/img0501.png,602.0346051332931,441.6628473802159,352.01017157036836,inf
data/img0502.png,549.5865969581133,335.18027096623695,268.30907550807854,inf
data/img0503.png,521.7878722670738,297.07972682261584,245.82079904881977,inf
data/img0505.png,455.44893739913374,184.2091950907993,232.71984951009196,inf
data/img0506.png,343.5004144917441,132.69635580904233,268.225469998656,780.3092666661083
data/img0507.png,181.16918992477753,129.94521922718008,344.8433713383514,674.73042452375
data/img0508.png,inf,188.2717600836618,382.2842923506013,inf
data/img0509.png,inf,189.91494142905165,314.8476928436983,inf
data/img0510.png,inf,253.6985157406326,322.61321540817266,inf
data/img0511.png,inf,inf,inf,inf
data/img0512.png,inf,230.253952168035,253.13961400381424,inf
data/img0513.png,inf,276.81608688080263,279.45203524039715,inf
data/img0514.png,inf,278.8226676581369,293.7760958434159,inf
data/img0515.png,109.78147101401085,294.4656436479471,311.48059329595463,502.15161712176126
data/img0516.png,90.73602249382552,337.44653278556626,361.5534507897829,567.1569900635981
data/img0518.png,201.70265948915986,441.47777696731225,509.0461913117512,691.1232231027981
data/img0519.png,320.28787051650903,444.6613053156302,510.24559507064845,774.2166950182615
data/img0520.png,364.8933467316169,440.03804764815516,507.0037475206668,811.6271678276917
data/img0521.png,442.20119965689827,439.4275103916459,505.57728517903166,841.3346031686799
data/img0522.png,inf,438.7104432059943,506.4033477160275,inf
data/img0523.png,inf,439.95364442745534,507.06062473436066,inf
data/img0524.png,inf,442.3066809352985,509.9110613518792,inf
data/img0525.png,inf,446.3168381318368,511.9561177376436,inf
data/img0526.png,inf,449.6893118098316,512.6502722997425,inf
data/img0527.png,451.77451209425266,466.16405543327767,521.4401643314409,856.9251003185753
data/img0528.png,390.35924491293906,477.4392947569353,525.4599038727882,827.1210766133337
data/img0529.png,349.4948496845125,495.02674118576635,517.804973496779,796.3026266721718
data/img0530.png,349.65874512873256,507.0700878142983,520.2621071046785,793.3363778095645
data/img0531.png,349.01101440785516,506.0097130381985,521.3292296514749,791.0812476888832
data/img0532.png,347.7005521364613,506.7154811578189,522.0219152487757,788.1142619925109
data/img0533.png,347.0101867222344,509.0816830332831,523.0366353860884,788.5303997240691
data/img0534.png,347.0101867222344,513.1068965517807,523.0366353860884,788.5303997240691
data/img0535.png,347.0101867222344,512.7555328272919,523.0366353860884,788.5303997240691
data/img0536.png,344.69050646195655,514.421831920069,525.3519030564182,787.112190224494
data/img0537.png,344.16221472584715,515.4308268283921,525.3519030564182,785.981736401044
data/img0538.png,344.16221472584715,515.4308268283921,525.3519030564182,785.981736401044
data/img0539.png,346.1242656749162,516.1281198394443,526.7365862449655,785.981736401044
data/img0540.png,347.52376200196716,508.1493421780649,529.8742957013484,785.4153487454905
data/img0541.png,347.7633220712039,505.9924166319097,531.1676896131765,790.3572415338522
data/img0542.png,351.171752850368,493.2209940564167,533.547062674887,794.6903799593903
data/img0543.png,345.12292895285873,478.5677751144555,529.9177294637349,791.227509689217
data/img0544.png,340.73497527844137,478.9560900312261,526.3902705958765,782.1117813829428
data/img0545.png,332.433904943524,492.6528185700351,527.1183246463742,772.0652226910626
data/img0547.png,316.0878792013385,531.637963363227,535.9347296910324,758.0710142051336
data/img0548.png,312.61407546366166,541.3393759925469,532.1828063532304,754.415962833502
data/img0549.png,315.6332560995435,534.7500736278585,527.7168937981805,759.0034925407128
data/img0550.png,314.9254122629677,534.1905511041916,528.4065088338713,759.4753864201263
data/img0551.png,315.76955197738783,532.2320068879736,526.7764091576236,759.4753864201263
data/img0552.png,313.8135610709012,529.4275704532208,525.4004945229877,759.4753864201263
data/img0553.png,318.70690289982764,533.3957716789663,528.8490654666982,759.4753864201263
data/img0554.png,322.3137008847125,531.7867228297449,529.4280862298484,760.1516797179363
data/img0555.png,322.8413830010023,531.7867228297449,529.4280862298484,762.2213125103495
data/img0556.png,320.1209771320837,528.7441853221651,523.5550455195711,761.6127102116927
data/img0557.png,322.0687037822831,529.604492764176,524.9433870856933,762.3265523678157
data/img0558.png,325.25754499780624,535.6744191932262,531.6569157727566,761.9747087088915
data/img0559.png,256.5057504228708,478.8381033762873,435.67250595487445,776.6878452048803
data/img0560.png,250.81938752018334,439.26013107952355,386.53669332807186,775.3283691443258
data/img0561.png,236.0786979907338,457.041390200056,394.29640852789953,764.0464907320759
data/img0562.png,241.17587349484202,475.7910592781247,395.94463092205183,764.0117769890725
data/img0563.png,264.92564994730134,452.99227562730033,340.0482355328434,787.9573356756064
data/img0564.png,307.25546576912177,423.26115920197566,309.6818972946268,807.9876559013755
data/img0565.png,306.8115049277,415.75691188241206,300.0576626067061,799.6723971452311
data/img0566.png,273.78613032073025,452.90118147119045,334.31557201093693,795.5799576271389
data/img0567.png,234.9127497604165,490.6576665843508,369.2275564540109,781.4121901051966
data/img0568.png,241.40844871710664,435.0179088014654,308.85125423899456,762.381531780512
data/img0569.png,inf,inf,inf,inf
data/img0570.png,inf,inf,inf,inf
data/img0571.png,inf,inf,inf,inf
data/img0572.png,inf,inf,inf,inf
data/img0573.png,inf,inf,inf,inf
data/img0574.png,inf,inf,inf,inf
data/img0575.png,inf,inf,inf,inf
data/img0576.png,inf,inf,inf,540.2561241161454
data/img0577.png,inf,inf,inf,659.5588297915509
data/img0578.png,inf,inf,inf,713.436963687753
data/img0579.png,185.77461852739685,429.91464000310543,325.82424901317563,727.2197011144568
data/img0580.png,170.83878820689384,471.70243124770934,366.6178743296621,734.9767910471728
data/img0581.png,167.57267822947753,533.501128937887,429.89859310772346,746.5635909807012
data/img0582.png,163.99999999999983,511.25470408104815,404.46760375708726,746.2099519873749
data/img0583.png,179.9348524105324,476.97178113594947,367.6353688711137,737.0085232736457
data/img0584.png,inf,inf,inf,719.1252463931437
data/img0585.png,inf,inf,inf,729.2366252767341
data/img0586.png,inf,inf,inf,824.1039315256298
data/img0587.png,inf,inf,inf,inf
data/img0588.png,inf,inf,inf,inf
data/img0589.png,inf,193.93689695362272,176.9157991814186,inf
data/img0590.png,inf,inf,inf,inf
data/img0592.png,inf,inf,inf,inf
data/img0593.png,inf,inf,inf,727.3878747655889
data/img0594.png,inf,inf,inf,608.4080312134283
data/img0595.png,inf,inf,inf,134.29116969480904
data/img0596.png,inf,inf,inf,148.5402526219743
data/img0597.png,inf,inf,inf,105.2949621254497
data/img0598.png,inf,inf,inf,82.13549347876308
data/img0599.png,inf,inf,inf,82.46877475141862
data/img0600.png,inf,inf,inf,73.7842033093814
data/img0601.png,inf,inf,inf,60.07534351129422
data/img0602.png,inf,inf,inf,43.44647383850681
data/img0603.png,inf,inf,inf,96.50782278136853
data/img0604.png,inf,inf,inf,135.00814790226576
data/img0605.png,inf,inf,inf,162.15253219731122
data/img0606.png,inf,inf,inf,187.87256920050905
data/img0607.png,inf,inf,inf,207.73224133244216
data/img0608.png,inf,inf,inf,213.90110878160502
data/img0609.png,inf,inf,inf,204.20564832785627
data/img0610.png,inf,inf,inf,197.80556109472766
data/img0611.png,inf,inf,inf,182.8835866282155
data/img0612.png,inf,inf,inf,183.45088808179685
data/img0613.png,inf,inf,inf,209.63661800601545
data/img0614.png,inf,inf,inf,212.96620844162126
data/img0615.png,inf,inf,inf,223.56804478502733
data/img0616.png,inf,inf,inf,253.07990439582545
data/img0617.png,inf,inf,inf,265.1387740957552
data/img0618.png,inf,inf,inf,266.5399066725283
data/img0619.png,inf,inf,inf,323.2
data/img0620.png,inf,inf,inf,387.7618929420475
data/img0621.png,inf,inf,inf,385.04713468483317
data/img0622.png,inf,inf,inf,414.33192164978055
data/img0623.png,inf,inf,inf,444.49428118818366
data/img0624.png,inf,inf,inf,473.13663819239366
data/img0625.png,inf,inf,inf,493.6535839817229
data/img0626.png,inf,inf,inf,499.5550505179585
data/img0627.png,232.47072215227448,241.1814269631887,230.72477110184775,516.442243835649
data/img0628.png,inf,inf,inf,490.7408054136114
data/img0629.png,inf,inf,inf,inf
data/img0630.png,inf,inf,inf,inf
data/img0631.png,inf,inf,inf,inf
data/img0632.png,inf,inf,inf,inf
data/img0633.png,inf,inf,inf,inf
data/img0634.png,inf,inf,inf,inf
data/img0635.png,inf,inf,inf,inf
data/img0636.png,inf,inf,inf,inf
data/img0637.png,inf,inf,inf,inf
data/img0638.png,inf,inf,inf,318.2248521061796
data/img0639.png,inf,inf,inf,298.5881270546435
data/img0640.png,inf,inf,inf,264.44563089224965
data/img0641.png,inf,inf,inf,258.44212136956327
data/img0642.png,inf,inf,inf,268.4875681628481
data/img0644.png,inf,inf,inf,283.8316163115027
data/img0645.png,inf,inf,inf,297.3326366512766
data/img0646.png,inf,inf,inf,332.78694760762477
data/img0647.png,inf,inf,inf,366.33802950007805
data/img0648.png,inf,inf,inf,379.1655502402611
data/img0649.png,inf,inf,inf,385.66807845348046
data/img0650.png,inf,inf,inf,341.89160096293693
data/img0651.png,inf,inf,inf,487.4217926108762
data/img0652.png,inf,inf,inf,487.9721607725176
data/img0653.png,inf,inf,inf,513.8345485552717
data/img0654.png,inf,inf,inf,532.0064819990449
data/img0655.png,inf,inf,inf,inf
data/img0656.png,inf,377.73004069705627,421.64602869231436,inf
data/img0657.png,740.3778475589338,404.098964336708,435.6629757564901,476.8015943303882
data/img0658.png,814.3412410586855,453.8357513958106,463.81659172133965,505.3024891211206
data/img0659.png,867.4741693497275,497.5341228277715,502.33559636760754,558.7896499479924
data/img0660.png,870.5753307887836,574.1170246953143,514.606633114071,544.2517528579949
data/img0661.png,853.0109866168197,618.5312713913501,538.6757094950541,567.0911476808645
data/img0662.png,757.746544550353,522.9284160915334,489.3412624253141,580.5503859080624
data/img0663.png,712.3229325088446,470.53981897922307,506.9968047236589,605.1397558324854
data/img0664.png,inf,inf,inf,614.1922820167965
data/img0665.png,inf,inf,inf,703.283660678961
data/img0666.png,inf,inf,inf,31.65569662793738
data/img0667.png,inf,inf,inf,154.95402546884665
data/img0668.png,inf,inf,inf,306.3362616619194
data/img0669.png,inf,inf,inf,385.0421632094334
data/img0670.png,inf,inf,inf,404.99916049295706
data/img0671.png,inf,inf,inf,303.0163442605035
data/img0672.png,inf,inf,inf,222.93213301137166
data/img0673.png,634.8974578693792,586.1081535390888,474.18642878618965,208.18142993312352
data/img0674.png,547.445091310535,639.1506803391513,502.0161513118874,213.24860217361342
data/img0675.png,190.60754561401825,689.8106102728487,560.0095349982892,271.03452178643215
data/img0676.png,178.76999350562082,623.5485546451055,493.07070486898755,233.36437827783396
data/img0677.png,170.43004429970577,505.0232589584363,355.40195635083387,242.7704334922191
data/img0678.png,344.02602216838153,405.38352320857814,316.01097083645703,332.368283231117
data/img0679.png,inf,inf,inf,inf
data/img0680.png,inf,inf,inf,inf
data/img0681.png,inf,inf,inf,inf
data/img0682.png,inf,inf,inf,inf
data/img0683.png,inf,inf,inf,507.10055989813304
data/img0684.png,inf,inf,inf,433.35171850241915
data/img0685.png,inf,inf,inf,342.3792319767656
data/img0686.png,inf,inf,inf,inf
data/img0687.png,358.4935518778548,125.43226733580127,782.8768501424729,327.4466764803088
data/img0688.png,454.18739940469527,68.04119014244188,857.39061021742,260.8025213240856
data/img0689.png,494.0914764069502,66.44295264360146,877.0781275222864,213.87401882650437
data/img0690.png,inf,1003.6202908361311,881.0600928932147,inf
data/img0691.png,inf,1014.0603181709656,894.8649329245168,inf
data/img0692.png,501.3205970015593,1024.7602861591583,899.3702817221614,202.0223716547251
data/img0693.png,495.971921785901,1050.1548560517158,918.1720998690822,270.7145683722986
data/img0694.png,479.2393258581771,1066.6803365793335,925.7510229240906,261.91252280103015
data/img0695.png,inf,inf,inf,313.5708269880988
data/img0696.png,inf,inf,inf,inf
data/img0697.png,inf,inf,inf,inf
data/img0698.png,inf,inf,inf,inf
data/img0699.png,inf,inf,inf,inf
data/img0700.png,inf,inf,inf,inf
data/img0701.png,inf,163.2551192336708,441.06997177318686,inf
data/img0702.png,inf,127.5898317108393,470.7220832348954,inf
data/img0703.png,inf,inf,inf,inf
data/img0704.png,inf,130.5348995479739,492.80155374957997,inf
data/img0705.png,inf,123.00435836993793,498.1071950674877,inf
data/img0706.png,inf,108.91464221582214,474.40119767555416,inf
data/img0707.png,inf,inf,inf,inf
data/img0708.png,inf,inf,inf,inf
data/img0709.png,inf,inf,inf,inf
data/img0711.png,inf,inf,inf,inf
data/img0712.png,inf,inf,inf,inf
data/img0713.png,inf,inf,inf,inf
data/img0715.png,inf,inf,inf,inf
data/img0716.png,inf,inf,inf,inf
data/img0717.png,inf,inf,inf,inf
data/img0718.png,inf,inf,inf,inf
data/img0719.png,inf,inf,inf,inf
data/img0720.png,inf,inf,inf,inf
data/img0721.png,inf,inf,inf,inf
data/img0722.png,inf,inf,inf,inf
data/img0723.png,inf,inf,inf,inf
data/img0724.png,inf,inf,inf,inf
data/img0725.png,inf,inf,inf,inf
data/img0726.png,inf,inf,inf,inf
data/img0727.png,inf,inf,inf,inf
data/img0728.png,inf,inf,inf,inf
data/img0729.png,inf,inf,inf,inf
data/img0730.png,inf,inf,inf,inf
data/img0731.png,inf,inf,inf,inf
data/img0732.png,inf,inf,inf,inf
data/img0733.png,inf,inf,inf,inf
data/img0734.png,inf,127.54099645996254,181.80561096401834,inf
data/img0735.png,inf,179.12728683536758,305.84970194198286,inf
data/img0736.png,inf,272.0415549966583,494.43460324799264,inf
data/img0737.png,inf,337.0676888178398,484.3547588751449,inf
data/img0738.png,98.57451642792842,391.53820781374554,469.2774983834191,609.6521523336074
data/img0739.png,121.86942885317882,451.1914735209432,462.6461734176562,636.5071472065338
data/img0741.png,117.02661273829975,496.80718048152227,466.0124103261627,641.7780129889151
data/img0742.png,111.57287922250592,511.24537374728425,466.4193153997804,640.7377982021975
data/img0743.png,110.61415300493884,514.4159029860956,468.7269567669433,302.9207398792624
data/img0744.png,112.29320588975989,510.9647958303976,467.10421887304756,304.62123354914024
data/img0745.png,90.13903729794303,509.90678921642126,467.10421887304756,316.0650534446981
data/img0746.png,82.47870243887246,509.63453572143277,466.7676081306414,328.8521680162687
data/img0747.png,68.52587897283735,504.6877846748423,465.27561475860733,319.10197080087124
data/img0748.png,inf,inf,inf,304.2240867666463
data/img0749.png,inf,inf,inf,303.87888090158583
data/img0750.png,inf,inf,inf,308.92063734558093
data/img0751.png,inf,inf,inf,308.801424752218
data/img0752.png,inf,inf,inf,313.90661428042534
data/img0753.png,inf,inf,inf,315.07290725957347
data/img0754.png,inf,inf,inf,344.69853149962773
data/img0755.png,inf,inf,inf,382.99655559808883
data/img0756.png,inf,inf,inf,356.5560132405562
data/img0757.png,inf,inf,inf,297.52174120389924
data/img0758.png,inf,inf,inf,255.25097895600717
data/img0759.png,inf,inf,inf,259.1612451139247
data/img0760.png,inf,inf,inf,264.3954054404116
data/img0761.png,inf,inf,inf,265.9323222175141
data/img0762.png,63.56820309714492,515.1914405781603,403.9312273704524,265.66726390731765
data/img0763.png,90.70621686521798,539.803757757391,449.4595974923665,251.87298386289865
data/img0764.png,105.05461859908885,579.059376729192,492.0289024935425,239.70340191369783
data/img0765.png,101.34200401610403,596.5608375421571,508.00174890348563,239.49629735133678
data/img0766.png,108.45967197534765,606.9179091483461,518.7499813127712,231.90025633664172
data/img0767.png,102.89999460155455,607.4567075570078,518.7088474712962,228.03508501982708
data/img0768.png,119.40560939922358,620.527173010981,534.9053482215339,233.53190027274633
data/img0769.png,108.36195724515055,632.8633863465321,540.2781069865779,244.69532983896505
data/img0770.png,83.06398604690199,608.434055588607,505.23440544464125,245.97370771893446
data/img0771.png,178.0738398670618,601.0133206144436,499.3948275442992,248.36246988021333
data/img0772.png,678.8771369784076,607.780031847049,504.8286063388246,246.14705270630418
data/img0773.png,679.5789101436271,603.86920732556,499.9072491752846,253.24136400872584
data/img0774.png,699.5884504478329,601.7997245305121,499.9072491752846,268.09291092641695
data/img0775.png,709.003410742854,601.7997245305121,499.9072491752846,274.7346663400889
data/img0776.png,704.2476786536112,600.1314204222274,498.44733411765776,273.80475119690686
data/img0777.png,704.2476786536112,600.1314204222274,498.58103008036704,273.80475119690686
data/img0778.png,704.2476786536112,600.1314204222274,498.58103008036704,274.92544443903415
data/img0779.png,703.1678857541775,597.9812542588606,496.06597231517515,274.92544443903415
data/img0780.png,700.5798290623275,596.3112088314288,494.60190411683607,278.16795565988525
data/img0781.png,697.7059163988791,595.916155922123,494.4671322636116,275.5358415887124
data/img0782.png,156.9479120982499,597.9812542588606,496.06597231517515,275.5358415887124
data/img0783.png,160.04503255334095,596.3112088314288,495.41147521832795,277.0669602190055
data/img0784.png,160.89217645678124,593.3686506346623,492.6348785419077,273.81400337638024
data/img0785.png,159.57776509275973,593.7653984908519,492.755724923618,265.6849278544047
data/img0786.png,164.6278037817428,591.3084895196416,491.07555607869574,262.82914771577316
data/img0787.png,164.6278037817428,591.3084895196416,491.07555607869574,261.55038605400716
data/img0788.png,160.47185699991147,592.4933702397016,491.42839333721867,268.2147580671137
data/img0789.png,172.73781803067905,592.4933702397016,491.42839333721867,276.88350699346535
data/img0790.png,596.6026967572304,591.6231037484929,490.2262833518823,291.78351031029865
data/img0791.png,587.5954564536728,592.8433459936949,490.6232209027615,294.40108695451516
data/img0792.png,586.6672000001363,592.4336729871117,490.4872525244667,284.28521515548414
data/img0793.png,589.9210666597694,592.4336729871117,490.4872525244667,265.89536454966697
data/img0794.png,582.9336444038893,592.4336729871117,490.4872525244667,282.93390354992806
data/img0795.png,568.0140843324222,592.4336729871117,490.4872525244667,308.054390580625
data/img0796.png,561.7271255298251,592.4336729871117,490.4872525244667,309.6088255993364
data/img0797.png,562.2548382290722,591.1638389186202,489.16003561717935,267.853767733441
data/img0798.png,553.1263227229383,588.6269250459071,486.50770280541315,258.0095071465393
data/img0799.png,561.1734340754201,588.6269250459071,486.50770280541315,239.05064828399802
data/img0800.png,567.200220185077,586.9208403941713,484.1337179839887,233.3336000000852
data/img0801.png,165.8697373784622,584.3888872625834,481.48223181754094,236.2674003010156
data/img0802.png,132.1076867142863,581.3651321579237,471.9356924179396,236.2674003010156
data/img0803.png,100.7878652318826,551.6358090062682,430.7738483763843,238.93414062456642
data/img0804.png,inf,inf,inf,260.0268789529273
data/img0805.png,178.26802791863696,461.86627694387886,326.7724726610247,279.17289903570475
data/img0806.png,186.05569536566196,450.9051804736781,319.5133452267684,285.23456857821463
data/img0807.png,171.99512137848524,442.2102627088163,309.7492476907737,296.7673357295241
data/img0808.png,224.00396623497585,383.35614888638474,247.6205250882891,322.1543784523183
data/img0809.png,297.4804404410479,324.3313175689327,182.93365403336745,303.7103883636519
data/img0811.png,487.6214068773028,274.24285911943025,131.29798509116557,225.3334615386718
data/img0812.png,255.2938716244477,296.6421967438209,152.8279584663744,229.34887931925883
data/img0813.png,354.86894983359696,298.20149489229607,154.72438865608765,252.82009765443846
data/img0814.png,386.8411927975096,281.3456316437136,136.73631721309349,255.78400957839423
data/img0816.png,373.8693295203549,193.65949499056387,49.495382501804315,279.20559529672727
data/img0817.png,300.19215475758153,214.99282882226584,74.21302072412938,328.1835286009948
data/img0818.png,413.9970445413834,426.03286258221914,301.84647900712724,364.2812588591407
data/img0819.png,428.5154331468123,472.42240044794636,350.5151687958739,372.04557904778284
data/img0820.png,385.44681835241545,437.8473483361526,313.95726106908273,391.01918111519825
data/img0821.png,inf,443.022131376075,318.46638057415106,inf
data/img0822.png,inf,445.2391407378737,323.1894827775186,inf
data/img0823.png,316.18025379362336,441.920963270583,318.4654594912926,392.66341028672406
data/img0824.png,285.4732834364718,421.6301359675331,299.3466960649478,347.6526606327066
data/img0825.png,inf,inf,inf,inf
data/img0826.png,inf,inf,inf,713.876634845265
data/img0827.png,inf,inf,inf,inf
data/img0828.png,inf,inf,inf,648.2316382968361
data/img0829.png,inf,inf,inf,706.1341805131657
data/img0830.png,inf,inf,inf,729.9945485337544
data/img0831.png,inf,inf,inf,300.37972708723163
data/img0832.png,inf,inf,inf,235.42302351299458
data/img0833.png,inf,inf,inf,121.97590654715346
data/img0834.png,inf,inf,inf,95.3398319486673
data/img0835.png,inf,inf,inf,142.04224723651805
data/img0836.png,inf,inf,inf,153.4257142007171
data/img0837.png,inf,inf,inf,158.77269846544726
data/img0838.png,inf,inf,inf,157.42298575811657
data/img0839.png,inf,inf,inf,156.4559121446033
data/img0840.png,inf,inf,inf,154.2575912070456
data/img0841.png,inf,inf,inf,152.1699371689432
data/img0842.png,inf,inf,inf,177.23368879815126
data/img0843.png,inf,inf,inf,219.20279398082516
data/img0844.png,inf,inf,inf,230.40081790002367
data/img0845.png,inf,inf,inf,277.91359168813614
data/img0846.png,inf,inf,inf,305.07505816110256
data/img0847.png,423.50740148431856,85.3756665859777,230.11566753482893,309.0837613916327
data/img0848.png,410.8676196647771,54.86114188567372,197.80565097084548,319.01999380132895
data/img0849.png,405.5107605095085,37.54710227168007,183.1529464081865,328.2955145733793
data/img0850.png,395.45184845313327,27.487532537498257,165.3555092671542,342.62724286898174
data/img0851.png,398.4188159324305,25.64684949462542,170.68682172915388,354.00692899715943
data/img0852.png,399.47755103134375,32.110863519999,172.25302577603682,370.87042720874905
data/img0853.png,379.71681612090873,52.74690934073757,162.43152403397562,364.7491753095543
data/img0854.png,inf,inf,inf,377.17242269948633
data/img0855.png,inf,inf,inf,354.8167652310133
data/img0856.png,inf,inf,inf,278.2067161105214
data/img0857.png,inf,inf,inf,254.5654318873638
data/img0858.png,526.9521437265437,276.4923145405673,267.3755876833186,213.43815133429155
data/img0859.png,511.50781725404755,287.4876028248871,276.10309024891416,203.4805565379654
data/img0860.png,514.4140917373861,284.57523590256403,274.1678318111007,205.07729708088127
data/img0861.png,496.17587652464516,302.36067498601744,288.7148504822711,203.2141727340886
data/img0862.png,474.7116439366114,318.4964677983101,309.4969610335457,187.279771702659
data/img0863.png,469.9932557441647,315.005791834055,301.6548918515991,162.78639309844007
data/img0864.png,441.7102418758251,299.8367585503819,283.08405190861623,76.0
data/img0865.png,inf,inf,inf,inf
data/img0866.png,inf,inf,inf,inf
data/img0867.png,inf,inf,inf,58.48517381353962
data/img0868.png,inf,inf,inf,107.37311478205375
data/img0869.png,inf,inf,inf,94.69450295027673
data/img0870.png,inf,inf,inf,inf
data/img0871.png,inf,inf,inf,458.4830339772673
data/img0872.png,inf,inf,inf,434.9545917552774
data/img0873.png,inf,inf,inf,436.88790426034933
data/img0874.png,inf,inf,inf,449.4441010848848
data/img0875.png,inf,inf,inf,445.83730266208113
data/img0876.png,inf,inf,inf,430.5364694842935
data/img0877.png,inf,inf,inf,410.8138264469687
data/img0878.png,inf,inf,inf,365.33543186775637
data/img0879.png,inf,inf,inf,341.42673722044697
data/img0880.png,inf,inf,inf,287.0419140909563
data/img0881.png,inf,inf,inf,249.46230888853734
data/img0882.png,inf,inf,inf,291.3655649609269
data/img0883.png,inf,inf,inf,302.9336590377505
data/img0884.png,inf,inf,inf,302.7136321872542
data/img0885.png,inf,inf,inf,407.2173877537646
data/img0886.png,inf,inf,inf,487.8922185165491
data/img0887.png,inf,inf,inf,582.7418380192037
data/img0888.png,inf,inf,inf,659.0676694308409
data/img0889.png,inf,inf,inf,722.8636619570801
data/img0890.png,inf,inf,inf,778.5140832239323
data/img0891.png,inf,inf,inf,806.1137609270789
data/img0892.png,inf,inf,inf,inf
data/img0893.png,inf,inf,inf,257.5952725594938
data/img0895.png,inf,inf,inf,276.31208603497566
data/img0896.png,inf,inf,inf,298.82436312991615
data/img0897.png,inf,inf,inf,351.231458981111
data/img0898.png,inf,inf,inf,436.69237786913607
data/img0899.png,inf,inf,inf,446.9916290547282
data/img0900.png,inf,inf,inf,454.4334866380337
data/img0901.png,inf,inf,inf,430.88998544408037
data/img0902.png,inf,inf,inf,418.999136568323
data/img0903.png,inf,inf,inf,816.4009907992518
data/img0904.png,inf,inf,inf,828.9257154763627
data/img0906.png,inf,inf,inf,809.833348014269
data/img0907.png,inf,inf,inf,815.8712474680057
data/img0908.png,inf,inf,inf,819.8003149822522
data/img0909.png,inf,inf,inf,824.2304925741344
data/img0910.png,inf,inf,inf,824.4840158820546
data/img0912.png,952.393257244611,499.6936572661294,382.2853024182329,828.9213285282265
data/img0913.png,inf,inf,inf,830.4882044785465
data/img0914.png,inf,inf,inf,834.6713184110258
data/img0915.png,inf,inf,inf,827.4079434529257
data/img0916.png,inf,inf,inf,828.7118700465198
data/img0917.png,inf,inf,inf,830.2943306779832
data/img0918.png,inf,inf,inf,828.9897702095002
data/img0919.png,inf,inf,inf,828.9897702095002
data/img0920.png,inf,inf,inf,428.74968403020426
data/img0921.png,inf,inf,inf,401.90002294724997
data/img0922.png,inf,inf,inf,385.9424873682607
data/img0923.png,inf,inf,inf,380.9973484894611
data/img0924.png,inf,inf,inf,376.0965112547577
data/img0925.png,inf,inf,inf,370.9683772088936
data/img0926.png,inf,inf,inf,368.7817782917155
data/img0927.png,inf,inf,inf,368.7817782917155
data/img0928.png,inf,inf,inf,366.63062731992255
data/img0929.png,inf,inf,inf,367.393153024114
data/img0930.png,inf,inf,inf,367.393153024114
data/img0931.png,inf,inf,inf,367.393153024114
data/img0932.png,inf,inf,inf,367.393153024114
data/img0933.png,inf,inf,inf,367.393153024114
data/img0934.png,inf,inf,inf,367.393153024114
data/img0935.png,inf,inf,inf,361.9014795341407
data/img0936.png,inf,inf,inf,360.33025469005514
data/img0937.png,inf,inf,inf,352.4890983349698
data/img0938.png,inf,inf,inf,335.24776641910665
data/img0939.png,inf,inf,inf,337.32035284725987
data/img0940.png,inf,inf,inf,345.16618091145597
data/img0941.png,inf,inf,inf,347.7823636198365
data/img0942.png,427.20328130294126,616.8616470133317,562.0608571249202,347.7823636198365
data/img0943.png,478.3390057741476,615.430495760488,592.7931608546105,360.11109396962473
data/img0944.png,489.36168673589475,616.6425516010066,601.0904195252159,353.03344002799497
data/img0945.png,493.29094772963356,624.4122541334372,607.017617171034,348.3034334858041
data/img0946.png,494.2077493888578,624.513368596702,607.6165428228563,348.3034334858041
data/img0947.png,496.20689950060154,628.4011386940671,610.5961968076775,348.3034334858041
data/img0948.png,496.4325604873234,632.1075787490608,612.4190097931319,348.3034334858041
data/img0949.png,495.9516105428029,637.0947754369048,614.922721070705,346.9972116444164
data/img0950.png,497.83305814097963,638.5048257022027,616.697715975177,346.9972116444164
data/img0951.png,497.83305814097963,638.4254896054825,616.1282543253475,348.3034334858041
data/img0952.png,498.40632598112154,638.3489272247585,615.5611524820259,357.5346522450655
data/img0953.png,495.7292908211093,638.3489272247585,615.5611524820259,353.59726746116115
data/img0954.png,495.0703743469206,638.2750852453823,614.9959942056533,351.45879100969995
data/img0955.png,493.9550622840097,637.0947754369048,614.922721070705,349.9028436580646
data/img0956.png,486.79837395887,635.9252562652313,614.8629953997882,338.1124073440666
data/img0957.png,472.7242334480009,635.7630725710641,613.7168112778077,321.8970905258386
data/img0958.png,467.9924377359104,629.6340849167873,611.1993331876272,318.53514998819196
data/img0959.png,481.06919437644314,623.617756143938,608.8486788833495,337.86262428537435
data/img0960.png,1123.114379057182,623.505169897572,608.2397261318929,843.158578468487
data/img0961.png,1128.0992864105533,635.0499962821825,620.7503538283324,840.238061504
data/img0962.png,474.1658650261531,659.0558755613973,626.0031600918641,307.8587150707285
data/img0963.png,347.8593534433133,661.4418620627213,581.7521159781028,188.00473280212958
data/img0964.png,1137.0206682378293,697.2262307809423,566.1030875891774,841.6247957902618
data/img0965.png,1137.427624852676,694.9532358367719,563.4965712211566,841.526332855366
data/img0966.png,inf,inf,inf,829.5830277916732
data/img0967.png,inf,inf,inf,818.892228426916
data/img0968.png,inf,inf,inf,814.9190367423013
data/img0969.png,1119.04021891798,622.5179915295621,528.9234349128426,792.866037164539
data/img0970.png,1138.4210898336346,648.578004903805,567.7629121781381,786.2700101676268
data/img0971.png,1107.0127390617508,619.2313371341925,557.0103833071695,830.6584049884767
data/img0972.png,1033.4775434855856,569.6561848071168,536.7641807889196,900.2471818589605
data/img0973.png,893.8959874867992,488.3809924413521,513.2640645905382,948.4958960844269
data/img0974.png,772.5721104065302,414.6488109774342,500.37435941103143,991.1517358891119
data/img0975.png,504.02359027728056,236.3763853602982,381.8395323234617,149.83904846534497
data/img0976.png,inf,inf,inf,57.72021406751712
data/img0977.png,inf,inf,inf,73.94923183509096
data/img0978.png,inf,inf,inf,84.32719345501762
data/img0979.png,inf,inf,inf,121.6924173685444
data/img0980.png,inf,inf,inf,147.28384689435566
data/img0981.png,inf,inf,inf,181.74978893522825
data/img0982.png,inf,inf,inf,256.12496949731394
data/img0983.png,inf,inf,inf,806.6403218839237
data/img0984.png,inf,inf,inf,718.09295900879
data/img0985.png,inf,inf,inf,445.5803785828097
data/img0986.png,inf,inf,inf,434.7669771785801
data/img0987.png,inf,inf,inf,447.3664021559956
data/img0988.png,inf,inf,inf,458.422094678038
data/img0989.png,917.3614336781332,398.6191811190224,692.2113832580332,459.66097555154715
data/img0990.png,940.6585882008416,357.8155949647814,741.0802925459564,459.2265604012904
data/img0991.png,988.1526458781557,318.3089177387282,794.2119761826812,510.6460622476198
data/img0992.png,1032.928404531989,256.27809201139314,858.683567121789,613.5796606798501
data/img0993.png,1047.2400930278598,196.04081207748553,926.8687482297588,679.9999999999998
data/img0994.png,1066.980976192172,160.27827190545813,966.6797957731403,785.4960934906042
data/img0995.png,1069.750034769338,160.45460694227495,974.154866994463,854.966528260025
data/img0996.png,1029.0237336645837,159.84992962150469,985.3365687814494,842.8078731905628
data/img0997.png,993.2908867889607,151.28505837986728,995.1074282598839,811.8271978149047
data/img0998.png,308.8326162972429,165.38117050015137,992.9924247223639,661.2040115493858
data/img0999.png,inf,inf,inf,656.34695161096
data/img1000.png,inf,inf,inf,646.8575374670993
data/img1001.png,inf,inf,inf,623.3641532491263
data/img1002.png,inf,inf,inf,632.6596185066658
data/img1003.png,inf,inf,inf,611.7803411176268
data/img1004.png,490.8430833219511,902.93371726722,1085.8832317008123,644.0055224056701
data/img1005.png,564.216175277703,907.7853427132428,153.68066747642663,676.546520039827
data/img1006.png,632.1746875318562,99.79547529322254,192.41175755395142,667.0204647872507
data/img1007.png,732.5229947093811,170.68782160716768,299.6771180987967,735.9920065992563
data/img1008.png,869.9594897338612,223.38426284991613,399.1542302869908,817.7253730794956
data/img1009.png,946.4203360267572,331.9226067760374,518.8024843598959,810.2385547207689
data/img1010.png,969.7911041961562,470.3802594125313,672.9417712967444,781.4442401380917
data/img1011.png,955.2663898389811,546.2237799455459,769.9232492774848,733.3332400000698
data/img1012.png,1072.020731557464,615.950107648339,806.8819338118807,1012.4948364204135
data/img1013.png,1097.3338096395282,688.9048539370295,829.3426462500286,1065.6738492095037
data/img1015.png,972.1316783234666,833.5466393669883,950.3585746680039,924.3338627238537
data/img1016.png,inf,inf,inf,965.1065189340501
data/img1017.png,inf,inf,inf,933.2352329396914
data/img1018.png,inf,inf,inf,582.9286146501989
data/img1019.png,inf,inf,inf,578.7538897398448
data/img1020.png,inf,inf,inf,578.9949099758998
data/img1021.png,inf,inf,inf,570.4070795887791
data/img1022.png,inf,inf,inf,560.9028380905194
data/img1023.png,inf,inf,inf,523.9050533150067
data/img1024.png,inf,inf,inf,477.9589531424216
data/img1025.png,inf,inf,inf,455.21338488449567
data/img1026.png,inf,inf,inf,459.6594488194493
data/img1027.png,inf,inf,inf,498.08846693032365
data/img1028.png,inf,inf,inf,505.1854031501702
data/img1029.png,inf,inf,inf,489.5534799978445
data/img1030.png,inf,inf,inf,455.5939966439421
data/img1031.png,inf,inf,inf,451.23667601160247
data/img1032.png,inf,inf,inf,424.6054555572737
data/img1033.png,744.8368710294894,945.4383637001409,893.6049825784321,380.7738132920908
data/img1035.png,531.8064167429724,944.0147588300725,877.6556596348023,130.019431028595
data/img1036.png,471.40478477843203,896.9411535262502,805.2136533591569,56.01545818789627
data/img1037.png,395.98267077739644,863.1214720744698,739.3707294422736,inf
data/img1038.png,356.9471582433455,784.522525985073,739.5395330129418,inf
data/img1039.png,275.1326241815031,702.2873093606348,646.8813561148598,inf
data/img1040.png,383.000349289658,679.3260922090365,640.4498419080139,inf
data/img1041.png,333.17863076734096,635.640559505921,580.5376818088554,inf
data/img1042.png,271.7424303361544,607.5804766086543,563.3622525125375,inf
data/img1043.png,247.1018935135865,548.131371114626,470.71265497753484,inf
data/img1044.png,221.8316639075671,497.18284854668934,445.2009204348077,inf
data/img1045.png,inf,526.7622039934149,472.53825336050807,inf
data/img1046.png,inf,550.6941074680208,476.95552180261,inf
data/img1047.png,inf,533.0731965584088,406.4716559761581,inf
data/img1048.png,inf,546.8715835449856,325.6531788406185,inf
data/img1049.png,217.8730721222797,484.8001494317015,296.23090393306376,inf
data/img1050.png,431.7406628984583,364.4127781637192,286.1079019461022,inf
data/img1051.png,422.0158143434912,345.84540155682254,277.7048793233565,inf
data/img1052.png,341.075124993014,428.8029850642367,305.868301361877,inf
data/img1053.png,331.8502366369505,476.87314875132176,305.4763696998508,inf
data/img1054.png,440.39575333556513,590.3527999806556,424.6832848664988,inf
data/img1055.png,inf,inf,inf,inf
data/img1056.png,inf,inf,inf,inf
data/img1057.png,inf,inf,inf,inf
data/img1058.png,inf,inf,inf,inf
data/img1059.png,inf,inf,inf,inf
data/img1060.png,inf,inf,inf,inf
data/img1061.png,inf,inf,inf,inf
data/img1062.png,inf,inf,inf,inf
data/img1063.png,inf,inf,inf,inf
data/img1064.png,inf,inf,inf,inf
data/img1065.png,inf,inf,inf,inf
data/img1066.png,inf,inf,inf,inf
data/img1067.png,inf,inf,inf,inf
data/img1068.png,inf,inf,inf,inf
data/img1069.png,inf,inf,inf,inf
data/img1070.png,inf,inf,inf,inf
data/img1071.png,inf,inf,inf,inf
data/img1072.png,inf,inf,inf,inf
data/img1073.png,inf,inf,inf,inf
data/img1074.png,inf,inf,inf,inf
data/img1075.png,inf,inf,inf,inf
data/img1076.png,inf,inf,inf,inf
data/img1077.png,inf,inf,inf,inf
data/img1078.png,inf,inf,inf,inf
data/img1079.png,inf,inf,inf,inf
data/img1080.png,inf,inf,inf,inf
data/img1081.png,inf,inf,inf,inf
data/img1082.png,324.13442204739715,374.43887737386467,357.23658391743703,inf
data/img1084.png,inf,301.65543993934534,280.85583490467053,inf
data/img1085.png,inf,270.9267289231535,309.04014554099643,inf
data/img1086.png,inf,232.03448019637082,318.34257299016747,inf
data/img1087.png,inf,223.26790285439597,389.55418165513294,inf
data/img1088.png,inf,224.42057144789575,447.6929701882755,inf
data/img1089.png,inf,255.92399739961832,476.86587818589,inf
data/img1090.png,inf,253.42071300112764,479.24539944479386,inf
data/img1091.png,inf,241.36714680337062,471.06528540320227,inf
data/img1092.png,inf,220.40364989945138,455.86710734160255,inf
data/img1093.png,inf,233.57769680558127,462.82861142759975,inf
data/img1094.png,inf,244.05829540501165,469.28159942192474,inf
data/img1095.png,inf,244.03278468271407,466.3005077801224,inf
data/img1096.png,inf,226.68268963024053,450.28400124588035,inf
data/img1097.png,inf,140.31081054573116,374.28442185722895,inf
data/img1098.png,inf,68.83180143654452,292.26829379185176,inf
data/img1099.png,inf,45.274314528216166,299.3001718826769,inf
data/img1100.png,inf,48.018533463653625,312.24252682170004,inf
data/img1101.png,inf,45.411383793054284,310.35701306076544,inf
data/img1102.png,inf,47.64727811743367,318.6745605723814,inf
data/img1104.png,inf,96.60017483421021,359.22138021003116,inf
data/img1105.png,inf,153.00892929826014,401.9272029173942,inf
data/img1106.png,inf,163.1083593473987,417.59086729118053,inf
data/img1107.png,inf,175.80830722409016,424.5361620510084,inf
data/img1108.png,inf,170.99896816062932,417.87749932845173,inf
data/img1109.png,inf,168.63902540337457,414.97495935176624,inf
data/img1110.png,inf,183.28334833803038,421.3039050910873,inf
data/img1111.png,inf,195.34584715319647,436.3258058939442,inf
data/img1112.png,inf,214.72893506930998,460.4345773288538,inf
data/img1114.png,inf,266.16557920963373,500.6037963190051,inf
data/img1115.png,inf,294.6517432122201,518.1065098568055,inf
data/img1116.png,inf,315.6165972267619,517.4719659614422,inf
data/img1117.png,inf,349.85711369071834,541.0280444570317,inf
data/img1118.png,inf,365.48891334485114,546.9998383107622,inf
data/img1120.png,inf,371.32058505959515,551.4407247284158,inf
data/img1121.png,inf,375.00842775729734,553.4747200893642,inf
data/img1122.png,inf,373.164988235767,552.6150494593863,inf
data/img1123.png,inf,375.522614203193,552.7790525056098,inf
data/img1124.png,inf,375.522614203193,552.7790525056098,inf
data/img1125.png,inf,376.65445289947144,554.8266003401421,inf
data/img1126.png,inf,377.7884546211015,555.8531108926168,inf
data/img1127.png,inf,377.7884546211015,555.8531108926168,inf
data/img1128.png,inf,389.8743398699128,565.1448317811991,inf
data/img1129.png,inf,393.11615699307015,567.4329994713033,inf
data/img1130.png,inf,392.63575882998714,567.2223189473424,inf
data/img1131.png,inf,392.63575882998714,567.2223189473424,inf
data/img1132.png,inf,393.11615699307015,567.4329994713033,inf
data/img1133.png,inf,390.81180352952504,568.4766396062373,inf
data/img1134.png,inf,387.1642843961719,564.7298744638887,inf
data/img1135.png,inf,390.81180352952504,568.4766396062373,inf
data/img1136.png,inf,393.11615699307015,567.4329994713033,inf
data/img1137.png,inf,393.11615699307015,566.6302819696456,inf
data/img1138.png,inf,398.5867277720114,565.0706520232663,inf
data/img1139.png,inf,407.7139236719786,573.6815454204536,inf
data/img1140.png,inf,410.4602446583592,585.551449111007,inf
data/img1141.png,inf,416.22615113541355,586.1718420779014,inf
data/img1142.png,inf,423.1599560981638,594.5317111441575,inf
data/img1143.png,684.7571079506953,434.23495944016247,599.7931035882295,inf
data/img1144.png,656.9119061525679,434.23495944016247,596.4037767226159,inf
data/img1145.png,inf,433.34090557550616,589.4780410575104,inf
data/img1146.png,632.0687627853478,431.77303708777356,570.418899484405,inf
data/img1147.png,599.6286109851665,436.86514369768594,568.5842691387091,inf
data/img1148.png,604.1655306660587,439.83193557994355,570.6659999999999,inf
data/img1149.png,613.5777650616096,449.3508572251752,559.9120708754189,inf
data/img1150.png,484.26609306144906,460.7859797259463,570.9663138539786,inf
data/img1151.png,379.83373321625857,480.04609037987194,600.8260979684554,inf
data/img1152.png,279.38295502052335,497.81674986384365,540.3531553021598,inf
data/img1153.png,238.5623608199751,428.51478595026356,446.7458805383662,inf
data/img1154.png,inf,375.06735632150105,361.0207750254824,inf
data/img1155.png,inf,398.291693221187,324.0685867050367,inf
data/img1156.png,inf,421.6581606526784,354.67647856180145,inf
data/img1157.png,inf,470.85351531978597,408.1479492108224,inf
data/img1158.png,inf,477.6427637659761,412.74837101798454,inf
data/img1159.png,inf,474.1959866742865,406.39316486008966,inf
data/img1160.png,654.7205279949605,502.58860490265783,439.6458534377416,inf
data/img1161.png,690.9956192176622,540.3078019879039,477.4784304615237,inf
data/img1162.png,696.0114941579628,550.5694805281165,485.86757226429523,inf
data/img1163.png,700.2494666588473,550.5704564867243,485.62138796082706,inf
data/img1164.png,701.9459896922269,551.1569157490453,487.76138519669644,inf
data/img1165.png,695.4548740054956,552.4575366288345,487.76138519669644,inf
data/img1166.png,669.3304847218599,548.1684209966861,487.5261232887938,inf
data/img1167.png,443.48733365452483,542.9027103349183,488.6076717459523,inf
data/img1168.png,387.5874094962322,535.8471805365782,477.02744761491493,inf
data/img1169.png,343.04064417500143,483.92724705786094,421.45608760344163,inf
data/img1170.png,611.8159476329462,464.09385353503666,444.27248495602316,inf
data/img1171.png,568.3974962805518,505.98023676819633,488.92636028138224,inf
data/img1172.png,541.2497546318148,494.7534209644234,488.59336239658444,inf
data/img1173.png,512.6402247190518,471.04281098218667,454.4007042248064,inf
data/img1174.png,441.6712905419594,405.02839406639134,380.29669586915935,inf
data/img1175.png,414.80445085003606,376.2673789275381,352.48966572794734,inf
data/img1176.png,370.3744291632453,323.22795808685845,301.8460019430441,inf
data/img1177.png,381.0341040445071,349.874519729574,320.27746859403015,inf
data/img1178.png,494.05315953346593,462.504611388903,431.2790290392058,inf
data/img1179.png,541.0793993906993,504.99574739694583,466.1432273936843,inf
data/img1180.png,545.4572923501892,501.9072778472136,464.37656750206486,inf
data/img1181.png,540.041347388327,485.77300963412944,455.56336210125596,inf
data/img1183.png,586.8640743630502,507.95110963359457,518.5209735391617,inf
data/img1184.png,577.6034041147957,493.3788420453392,522.1585625506874,inf
data/img1185.png,573.4655715716505,476.0672221441001,506.72705517368996,533.8464198624919
data/img1186.png,578.8880590312775,474.37419079140466,513.6535797597443,540.164901570807
data/img1187.png,568.5528616100703,472.1433266382149,512.2675871934509,539.7616823914046
data/img1188.png,571.3702827414111,481.1319985201566,529.6150686007717,538.9639328276057
data/img1189.png,550.7169258748088,471.63394656873453,541.6629587566423,522.8981256210424
data/img1190.png,inf,inf,inf,521.6270511054806
data/img1191.png,inf,inf,inf,542.2489178311009
data/img1192.png,529.8301614668605,463.035155853203,531.7970807667149,591.2216106410522
data/img1193.png,631.039588122647,511.7377965765279,574.1776728504863,611.8371453622278
data/img1194.png,678.3577554985277,530.0988218143857,590.5624919422162,610.056919020676
data/img1195.png,inf,545.2596625058558,600.1843642681806,inf
data/img1196.png,inf,563.6723224640357,611.8705513064018,inf
data/img1197.png,inf,562.5241288655982,609.0311154251481,inf
data/img1198.png,inf,565.9507477590254,609.3800127998949,inf
data/img1199.png,inf,565.9507477590254,608.0929168770182,inf
data/img1200.png,inf,565.9507477590254,609.1576114241702,inf
data/img1202.png,inf,564.82011689121,611.3705404891538,inf
data/img1203.png,inf,562.7438414696337,607.5156572286841,inf
data/img1204.png,inf,560.9780546313734,606.456872150032,inf
data/img1205.png,inf,582.8722017355092,615.7197703143858,inf
data/img1206.png,inf,603.1635348543543,615.9969617530594,inf
data/img1207.png,inf,613.1763364286005,622.1993664059777,inf
data/img1208.png,inf,612.4121458993119,622.6723604312302,inf
data/img1209.png,inf,611.5103545958973,620.8715071937188,inf
data/img1210.png,inf,610.5286335996042,617.8340561097291,inf
data/img1211.png,inf,610.5286335996042,615.9969617530594,inf
data/img1212.png,inf,612.4121458993117,619.016692648914,inf
data/img1214.png,inf,613.9315922804429,619.1377330166526,inf
data/img1215.png,inf,612.0462567853839,619.7651239695565,inf
data/img1216.png,inf,611.045006525706,624.0054045350892,inf
data/img1217.png,inf,611.045006525706,624.0054045350892,inf
data/img1218.png,757.9126856782382,611.0137056114206,623.4673267750284,536.6563145999497
data/img1219.png,732.6417211406953,611.9184201255918,623.5733441673082,546.588784696503
data/img1220.png,719.2745703526576,613.7867852748219,624.8608072563043,539.578306128962
data/img1221.png,722.9732412447919,612.829014398796,623.1789470128143,546.728451793027
data/img1222.png,722.0770423659793,612.829014398796,623.1789470128143,556.6241133440054
data/img1223.png,713.4714632618463,612.8522141960493,624.2162246465564,561.2251210031498
data/img1224.png,694.953235836772,612.8522141960493,624.2162246465564,550.0995578583934
data/img1225.png,708.4959894819449,612.8522141960493,624.2162246465564,573.3479114429565
data/img1226.png,715.1295292155119,612.8725290702789,624.8611977431467,586.9230606408306
data/img1227.png,709.038785963081,593.1957083838352,611.4666732087692,585.0924470167085
data/img1228.png,703.5252161635715,593.1667968531282,605.1925254735057,576.1873198500639
data/img1229.png,701.8770155012915,612.0713691139293,621.4035031909622,572.7394187394475
data/img1230.png,698.1332664885696,642.7166412105727,626.3957166025323,565.083159268616
data/img1231.png,681.0841742729016,645.7523873575689,619.0460862399502,540.2877488487043
data/img1232.png,560.8496475099188,628.8923412548447,622.4853411928668,54.66731707336819
data/img1233.png,585.8568729271681,614.9144388547078,628.0448214721622,76.29177908529921
data/img1234.png,549.6730963845694,594.5293593356008,622.7582102590056,77.30988150295133
data/img1235.png,660.7360286498686,602.36553096023,627.2288102797894,654.4112298684977
data/img1236.png,538.3515224999368,563.7667689550351,591.1638389186203,607.0319559594867
data/img1237.png,430.1543681575254,491.15374375036606,526.3133532203037,556.5649855246016
data/img1238.png,405.90503432330104,498.3612540677699,532.8027510777321,543.884245854759
data/img1239.png,inf,538.4106058065722,578.465260649246,inf
data/img1240.png,inf,584.7564499669926,632.9646849904027,inf
data/img1241.png,inf,658.0091184778519,718.6876929515352,inf
data/img1242.png,inf,729.7732591551982,774.2541919666952,inf
data/img1243.png,inf,inf,inf,90.75453095575924
data/img1244.png,inf,inf,inf,124.07806861810836
data/img1245.png,498.95151044765856,872.9627712565983,854.8421806263424,164.13545896301662
data/img1246.png,322.92243169064614,879.4347330973459,794.613614560561,317.2380809423737
data/img1247.png,inf,inf,inf,400.7150819335354
data/img1248.png,inf,inf,inf,inf
data/img1249.png,inf,inf,inf,inf
data/img1250.png,inf,inf,inf,inf
data/img1251.png,inf,inf,inf,inf
data/img1252.png,inf,inf,inf,inf
data/img1253.png,inf,inf,inf,inf
data/img1254.png,inf,inf,inf,inf
data/img1255.png,inf,inf,inf,510.10264152325266
data/img1256.png,inf,inf,inf,471.91857960669444
data/img1257.png,inf,inf,inf,438.9729609497604
data/img1258.png,inf,inf,inf,454.9813182977955
data/img1259.png,inf,inf,inf,492.59231103317074
data/img1260.png,inf,inf,inf,455.38781811660243
data/img1261.png,inf,inf,inf,374.4598895596164
data/img1262.png,inf,inf,inf,350.1561759501039
data/img1263.png,inf,inf,inf,242.60114500142006
data/img1264.png,inf,inf,inf,284.53809742985214
data/img1265.png,inf,inf,inf,259.49346384446756
data/img1266.png,inf,inf,inf,221.89937259037018
data/img1268.png,200.28794383337203,385.2043359633948,505.94482263978153,271.8234721285121
data/img1269.png,inf,310.40078751349836,432.34729661349803,inf
data/img1270.png,inf,inf,inf,446.7324757491892
data/img1271.png,inf,inf,inf,437.6665397308778
data/img1272.png,inf,inf,inf,401.6524180046723
data/img1273.png,inf,inf,inf,303.30948477751247
data/img1274.png,362.28475479379483,265.8159731016928,365.56271752600793,288.3608850034972
data/img1275.png,inf,inf,inf,276.1808183871573
data/img1276.png,inf,inf,inf,285.04733018395365
data/img1277.png,inf,inf,inf,257.4024086911387
data/img1278.png,inf,inf,inf,inf
data/img1279.png,inf,inf,inf,inf
data/img1280.png,inf,inf,inf,inf
data/img1281.png,inf,inf,inf,inf
data/img1282.png,inf,197.6981155423586,216.34887463539044,inf
data/img1283.png,inf,170.88007490635027,172.4540776235806,inf
data/img1284.png,inf,177.1121954524869,159.96067572375406,inf
data/img1285.png,inf,178.77598397156137,147.71773383382222,inf
data/img1286.png,inf,168.86476377563193,133.99845438660876,inf
data/img1287.png,inf,153.55913808367106,138.42278874881848,inf
data/img1288.png,inf,170.88007490635027,164.41112154899972,inf
data/img1289.png,inf,215.06777639851103,145.1374306579798,inf
data/img1290.png,inf,inf,inf,inf
data/img1291.png,inf,inf,inf,168.89177863057753
data/img1292.png,inf,156.68797301962945,150.6896029757859,inf
data/img1293.png,inf,122.275037881818,231.95772795059023,inf
data/img1294.png,inf,154.31055843655002,354.2257384465447,inf
data/img1295.png,529.7157359272992,357.38490672662726,430.5159695063589,293.22678216356707
data/img1296.png,inf,inf,inf,267.78385977500585
data/img1297.png,inf,inf,inf,200.06267462472852
data/img1298.png,inf,inf,inf,155.03464272542445
data/img1299.png,380.81089853758124,792.5535972065234,598.9613246654579,211.74447913700135
data/img1300.png,351.9417464425044,829.3597975414531,624.14402540199,237.0529129877968
data/img1301.png,306.8316165081428,862.6361529897758,639.9138094743697,317.3367997018309
data/img1302.png,283.06889620726616,872.6644216931271,629.741036017981,376.00945851002217
data/img1303.png,inf,813.7102438147133,570.2325872448889,inf
data/img1304.png,inf,740.1200611313004,483.33989788657004,inf
data/img1305.png,inf,677.9518422756886,386.9440361499321,inf
data/img1306.png,inf,679.1271882188196,382.85410740385163,inf
data/img1307.png,inf,664.049197642012,366.9592299493229,inf
data/img1308.png,inf,inf,inf,inf
data/img1309.png,inf,inf,inf,inf
data/img1310.png,inf,inf,inf,inf
data/img1311.png,inf,inf,inf,inf
data/img1312.png,inf,inf,inf,inf
data/img1313.png,inf,inf,inf,inf
data/img1314.png,inf,inf,inf,inf
data/img1315.png,inf,661.9831149243914,344.6914807316827,inf
data/img1316.png,inf,inf,inf,inf
data/img1317.png,inf,inf,inf,inf
data/img1318.png,inf,inf,inf,inf
data/img1319.png,inf,inf,inf,inf
data/img1320.png,inf,inf,inf,inf
data/img1321.png,inf,inf,inf,inf
data/img1322.png,inf,inf,inf,inf
data/img1323.png,inf,inf,inf,inf
data/img1324.png,inf,inf,inf,inf
data/img1325.png,inf,inf,inf,inf
data/img1326.png,inf,inf,inf,inf
data/img1327.png,inf,inf,inf,inf
data/img1328.png,inf,inf,inf,inf
data/img1329.png,inf,inf,inf,inf
data/img1330.png,inf,inf,inf,inf
data/img1331.png,inf,inf,inf,inf
data/img1332.png,inf,inf,inf,inf
data/img1333.png,inf,inf,inf,inf
data/img1334.png,inf,inf,inf,inf
data/img1335.png,inf,inf,inf,inf
data/img1336.png,inf,inf,inf,inf
data/img1337.png,inf,inf,inf,inf
data/img1338.png,inf,inf,inf,inf
data/img1339.png,inf,inf,inf,inf
data/img1340.png,inf,inf,inf,inf
data/img1341.png,inf,inf,inf,inf
data/img1342.png,inf,inf,inf,315.2401003822323
data/img1343.png,inf,inf,inf,323.5341441718324
data/img1344.png,inf,inf,inf,331.2647413912323
data/img1345.png,inf,inf,inf,330.8325504617101
data/img1346.png,inf,inf,inf,333.6780341062323
data/img1347.png,inf,inf,inf,336.3095997574262
data/img1348.png,inf,inf,inf,334.1173493130817
data/img1349.png,inf,inf,inf,334.1173493130817
data/img1350.png,inf,inf,inf,inf
data/img1351.png,inf,inf,inf,inf
data/img1352.png,inf,inf,inf,inf
data/img1353.png,inf,inf,inf,inf
data/img1354.png,inf,inf,inf,inf
data/img1355.png,inf,inf,inf,inf
data/img1356.png,inf,inf,inf,inf
data/img1357.png,inf,inf,inf,inf
data/img1358.png,inf,inf,inf,inf
data/img1359.png,inf,inf,inf,inf
data/img1360.png,inf,inf,inf,inf
data/img1362.png,inf,inf,inf,369.0355803388069
data/img1363.png,inf,inf,inf,373.0489229162846
data/img1364.png,inf,inf,inf,376.3841123108147
data/img1365.png,inf,inf,inf,378.17856217532994
data/img1366.png,inf,inf,inf,380.0212663641341
data/img1367.png,inf,inf,inf,378.17856217532994
data/img1368.png,inf,inf,inf,380.8588962975659
data/img1369.png,inf,inf,inf,382.1619740960629
data/img1370.png,inf,inf,inf,382.1619740960629
data/img1371.png,inf,inf,inf,382.1619740960629
data/img1372.png,inf,inf,inf,384.20957822521814
data/img1373.png,inf,inf,inf,inf
data/img1374.png,inf,inf,inf,inf
data/img1375.png,inf,inf,inf,inf
data/img1376.png,inf,inf,inf,inf
data/img1377.png,inf,inf,inf,inf
data/img1378.png,inf,inf,inf,inf
data/img1379.png,inf,inf,inf,inf
data/img1380.png,inf,inf,inf,inf
data/img1381.png,inf,inf,inf,inf
data/img1382.png,inf,inf,inf,inf
data/img1383.png,inf,inf,inf,379.9531456495656
data/img1384.png,inf,inf,inf,383.9679164839165
data/img1385.png,inf,inf,inf,390.3593022959745
data/img1386.png,inf,inf,inf,391.96323863979904
data/img1387.png,inf,inf,inf,391.96323863979904
data/img1388.png,inf,inf,inf,393.2611809535743
data/img1389.png,inf,inf,inf,393.2614115038493
data/img1390.png,inf,inf,inf,393.5699017404661
data/img1391.png,inf,inf,inf,390.3593022959746
data/img1392.png,inf,inf,inf,390.3593022959746
data/img1393.png,inf,inf,inf,390.3593022959746
data/img1394.png,inf,inf,inf,390.3593022959746
data/img1395.png,inf,inf,inf,390.3593022959746
data/img1396.png,inf,inf,inf,393.36715786781184
data/img1397.png,inf,inf,inf,393.0801444998208
data/img1398.png,inf,inf,inf,393.0801444998208
data/img1399.png,inf,inf,inf,395.405110965956
data/img1401.png,inf,inf,inf,397.73863333224233
data/img1402.png,inf,inf,inf,399.81557859718265
data/img1403.png,inf,inf,inf,395.11917302125437
data/img1404.png,inf,inf,inf,393.5595225350291
data/img1405.png,inf,inf,inf,inf
data/img1406.png,inf,inf,inf,inf
data/img1407.png,inf,inf,inf,inf
data/img1408.png,inf,inf,inf,inf
data/img1409.png,inf,inf,inf,inf
data/img1410.png,inf,inf,inf,inf
data/img1411.png,inf,inf,inf,inf
data/img1412.png,inf,inf,inf,inf
data/img1413.png,inf,inf,inf,inf
data/img1414.png,inf,inf,inf,inf
data/img1415.png,inf,inf,inf,inf
data/img1416.png,inf,inf,inf,inf
data/img1417.png,inf,inf,inf,inf
data/img1418.png,inf,inf,inf,inf
data/img1419.png,inf,inf,inf,inf
data/img1420.png,inf,inf,inf,inf
data/img1421.png,inf,inf,inf,inf
data/img1422.png,inf,inf,inf,inf
data/img1423.png,inf,inf,inf,inf
data/img1424.png,inf,inf,inf,inf
data/img1425.png,inf,inf,inf,inf
data/img1426.png,inf,inf,inf,inf
data/img1427.png,inf,inf,inf,inf
data/img1428.png,inf,inf,inf,inf
data/img1429.png,inf,inf,inf,inf
data/img1430.png,inf,inf,inf,inf
data/img1431.png,inf,inf,inf,inf
data/img1432.png,inf,inf,inf,inf
data/img1433.png,inf,inf,inf,inf
data/img1435.png,inf,inf,inf,inf
data/img1436.png,inf,inf,inf,inf
data/img1437.png,inf,inf,inf,inf
data/img1438.png,inf,inf,inf,inf
data/img1439.png,inf,inf,inf,inf
data/img1440.png,inf,inf,inf,inf
data/img1441.png,inf,inf,inf,inf
data/img1442.png,inf,inf,inf,inf
data/img1443.png,inf,inf,inf,inf
data/img1444.png,inf,inf,inf,363.73331133950336
data/img1445.png,inf,inf,inf,361.9060651605607
data/img1446.png,inf,inf,inf,372.87791985045186
data/img1447.png,inf,inf,inf,395.8554371383574
data/img1448.png,inf,inf,inf,392.61613030796383
data/img1449.png,inf,inf,inf,403.16333607608715
data/img1450.png,inf,inf,inf,451.32901622762967
data/img1451.png,inf,inf,inf,451.6068299848885
data/img1452.png,inf,inf,inf,427.54990248156986
data/img1453.png,inf,inf,inf,410.86759045828865
data/img1454.png,inf,inf,inf,400.11187324547103
data/img1455.png,inf,inf,inf,405.51755681967705
data/img1456.png,inf,inf,inf,399.06107914578683
data/img1457.png,inf,inf,inf,397.73833833061656
data/img1458.png,inf,inf,inf,396.76927748503914
data/img1459.png,inf,inf,inf,389.63047679179317
data/img1460.png,inf,inf,inf,396.4761536902311
data/img1461.png,inf,inf,inf,399.6998874155458
data/img1463.png,inf,inf,inf,420.4225070628356
data/img1464.png,inf,inf,inf,410.4631530356895
data/img1465.png,inf,inf,inf,405.22156024698376
data/img1466.png,inf,inf,inf,398.40603520654656
data/img1467.png,inf,inf,inf,397.1124419556757
data/img1468.png,inf,inf,inf,397.1124419556757
data/img1470.png,inf,inf,inf,417.17142759302203
data/img1471.png,inf,inf,inf,429.3019553752348
data/img1472.png,inf,inf,inf,447.62858909814963
data/img1473.png,inf,inf,inf,466.8206088948946
data/img1474.png,inf,inf,inf,455.7915878512898
data/img1475.png,inf,inf,inf,452.4104409847325
data/img1476.png,inf,inf,inf,453.59270227374674
data/img1477.png,inf,inf,inf,445.92008352282136
data/img1478.png,inf,inf,inf,398.9786961731165
data/img1479.png,inf,inf,inf,356.1618084213973
data/img1480.png,inf,inf,inf,361.2962453292312
data/img1481.png,inf,inf,inf,406.30799374120124
data/img1482.png,inf,inf,inf,364.3207036554468
data/img1483.png,inf,inf,inf,311.0100076991093
data/img1484.png,inf,inf,inf,285.5856734659497
data/img1485.png,inf,inf,inf,279.0779453056081
data/img1486.png,inf,inf,inf,361.3722426778238
data/img1487.png,inf,inf,inf,464.8515127317539
data/img1488.png,inf,inf,inf,520.5158099856334
data/img1489.png,inf,inf,inf,515.6414507950267
data/img1490.png,inf,inf,inf,427.9360533748004
data/img1491.png,inf,inf,inf,415.0866180027971
data/img1492.png,inf,inf,inf,387.01807824570676
data/img1493.png,inf,inf,inf,326.5796387483457
data/img1494.png,inf,inf,inf,320.1885972017118
data/img1495.png,inf,inf,inf,364.3313046610187
data/img1496.png,inf,inf,inf,318.3425729901673
data/img1497.png,inf,inf,inf,315.1430222057915
data/img1498.png,inf,inf,inf,302.7393980175029
data/img1499.png,inf,inf,inf,inf
data/img1500.png,inf,inf,inf,inf
data/img1501.png,inf,inf,inf,inf
data/img1502.png,inf,inf,inf,inf
data/img1503.png,inf,inf,inf,inf
data/img1504.png,inf,inf,inf,inf
data/img1505.png,inf,inf,inf,inf
data/img1506.png,inf,inf,inf,inf
data/img1507.png,inf,inf,inf,inf
data/img1508.png,inf,inf,inf,inf
data/img1509.png,inf,inf,inf,inf
data/img1510.png,inf,inf,inf,inf
data/img1511.png,inf,inf,inf,inf
data/img1512.png,inf,inf,inf,inf
data/img1513.png,inf,inf,inf,inf
data/img1515.png,inf,inf,inf,inf
data/img1516.png,inf,inf,inf,inf
data/img1517.png,inf,inf,inf,inf
data/img1518.png,inf,inf,inf,inf
data/img1519.png,inf,inf,inf,inf
data/img1520.png,inf,inf,inf,inf
data/img1521.png,inf,inf,inf,inf
data/img1522.png,inf,inf,inf,inf
data/img1523.png,inf,129.1068532495468,197.66263290010087,inf
data/img1524.png,inf,inf,inf,inf
data/img1525.png,inf,inf,inf,inf
data/img1526.png,inf,inf,inf,inf
data/img1527.png,inf,inf,inf,inf
data/img1528.png,inf,inf,inf,inf
data/img1529.png,inf,483.66223935511016,227.10568856371702,inf
data/img1530.png,421.10066149556224,475.1789295749551,218.32853938960884,192.83573205192056
data/img1531.png,inf,inf,inf,220.56522945604985
data/img1532.png,inf,inf,inf,256.4512290650994
data/img1533.png,inf,inf,inf,336.51830394348536
data/img1534.png,inf,inf,inf,263.4915288543448
data/img1535.png,inf,inf,inf,257.623432336812
data/img1536.png,inf,inf,inf,276.17955834022194
data/img1537.png,inf,inf,inf,inf
data/img1538.png,inf,inf,inf,inf
data/img1539.png,inf,inf,inf,inf
data/img1540.png,inf,inf,inf,inf
data/img1541.png,inf,inf,inf,inf
data/img1542.png,inf,inf,inf,inf
data/img1543.png,inf,inf,inf,inf
data/img1544.png,inf,inf,inf,inf
data/img1545.png,inf,inf,inf,inf
data/img1546.png,inf,inf,inf,inf
data/img1547.png,inf,inf,inf,inf
data/img1548.png,inf,inf,inf,inf
data/img1549.png,inf,inf,inf,inf
data/img1550.png,inf,inf,inf,inf
data/img1551.png,inf,inf,inf,inf
data/img1552.png,inf,inf,inf,inf
data/img1553.png,inf,inf,inf,inf
data/img1554.png,172.7220786263297,553.3741631527441,297.9193925292545,233.48616328382278
data/img1555.png,150.2822470486784,516.8331293135144,263.2650746984872,218.84983182310177
data/img1556.png,inf,500.78131931812317,252.37764648439057,inf
data/img1557.png,inf,511.3464439868532,256.2769057972254,inf
data/img1558.png,inf,504.82797245992623,251.87298386289865,inf
data/img1559.png,inf,493.47935676783896,238.64846485573716,inf
data/img1560.png,137.56642355240615,488.8659711802409,231.89652865017192,331.31333273051365
data/img1561.png,135.08797791809607,517.5752166487496,267.1758688373634,256.4716453898948
data/img1562.png,110.35267504233876,490.69959943839365,249.24805493523917,218.83326986543915
data/img1563.png,151.25540137462872,482.7549863947548,242.0944131718037,222.53933684856696
data/img1564.png,142.51720208101182,470.1962578424036,233.7033085880472,220.28705313295194
data/img1565.png,166.0411622339471,473.7556003774519,233.3674546482435,172.25302577603634
data/img1566.png,180.12360447481598,477.70255552592545,235.55195510969548,142.82269349791633
data/img1567.png,190.49914318967421,482.7078997126522,236.5272002223,133.8729082226871
data/img1568.png,188.3213541927734,483.50827546692506,236.3725872431065,145.38225476308958
data/img1569.png,185.00644793628138,474.50606365461744,229.01184637044437,149.3148202825157
data/img1570.png,167.47039274152314,484.14873747640803,242.3035965251032,156.23394139878826
data/img1571.png,144.9413674559475,483.69384072572177,243.9858283691903,168.65988392323723
data/img1572.png,inf,414.57951281388705,198.0394416397905,inf
data/img1573.png,inf,386.8624481362851,151.86568041858567,inf
data/img1574.png,inf,inf,inf,inf
data/img1575.png,inf,inf,inf,inf
data/img1576.png,inf,inf,inf,inf
data/img1577.png,inf,inf,inf,inf
data/img1578.png,inf,342.9776798699881,130.6535027391153,inf
data/img1579.png,inf,345.76827179196187,124.99281401744659,inf
data/img1580.png,inf,inf,inf,inf
data/img1581.png,inf,inf,inf,inf
